Date,Description,Amount
01/09,Payment To Chase Card Ending IN 0793 ,669.32
01/12,Zelle Payment To Gicu Nexus Jpm999KS8Cos ,500.00
01/21,Payment To Chase Card Ending IN 0793,274.49
01/25,Payment To Chase Card Ending IN 0793,173.53
01/19,Kroger Fuel #834 3039 Louisville KY Card,-31.99
01/19,Kroger #3 3039 Brecken Louisville KY Card,-33.10
01/20,3901 S 7th St Louisville KY Card 7068,-100.00
01/23,Target T- 3600 Mall Rd Louisville KY Card,-152.67
01/23,Bryan G Harness Cosmet Louisville KY Card,-185.00
01/23,Pauls Fruit Mark 3704 Louisville KY Card,-44.18
01/23,Sunshine Pediatrics Louisville KY Card 1981,-35.00
01/23,Kroger #785 Louisville KY Card 1981,-68.69
01/24,Target T- 3600 Mall Rd Louisville KY Card,-138.21
01/25,Fenwick Animal Clinic Louisville KY Card,-63.25
01/25,Costco Whse #1238 Louisville KY Card 1981,-36.09
01/25,Costco Gas #1238 Louisville KY Card 1981,-33.89
01/27,Kroger #346 3039 Breck Louisville KY Card,-36.15
01/80,Costco Gas #1238 Louisville KY Card 1981,-30.67
01/31,Mirage Louisville KY Card 1981,-37.53
02/01,Target T- 3600 Mall Rd Louisville KY Card,-109.30
02/01,Target T- 3600 Mall Rd Louisville KY Card,-50.67
02/01,Toyota Oxmoor Toyota Louisville KY Card 1981,-162.95
02/02,First Watch - 523 - S 502-618-1955 KY Card,-31.75
02/03,Kroger Fuel #878 4915 Louisville KY Card,-39.39
02/03,First Watch - 570 - 502-444-7744 KY Card,-26.88
02/06,Cigna 877 484 5967 877-484-5967 FL Card,-81.30
02/07,Kroger Fuel #878 4915 Louisville KY Card,-35.82
02/07,3901 S 7th St Louisville KY Card 7068,-200.00
02/07,Kroger #7 4915A Dixie Louisville KY Card,-117.91
02/08,Petsmart # 1117 Louisville KY Card 1981,-228.17
02/08,Pauls Fruit Mark 3704 Louisville KY Card,-70.25
02/08,Best Buy #333 Louisvile KY Card 1981,-76.19
02/08,Igms 877-7352559 CO Card 1981,-68.17
02/09,Costco Whse #1238 Louisville KY Card 1981,-373.18
02/10,Target T- 3600 Mall Rd Louisville KY Card,-80.96
02/11,Wal-Mart #2691 New Albany IN Card 1981,-165.93
02/12,Thorntons #0161 #0161 Louisville KY Card,-35.98
02/13,Wal-Mart Super Center Louisville KY Card,-58.48
02/14,Buff City Soap - 4600 Louisville KY Card,-79.36
02/14,Kroger #7 4915A Dixie Louisville KY Card,-54.36
02/15,Interest Payment,0.05
01/09,Payment To Chase Card Ending IN 0793 ,669.32
01/12,Zelle Payment To Gicu Nexus Jpm999KS8Cos ,500.00
01/21,Payment To Chase Card Ending IN 0793,274.49
01/25,Payment To Chase Card Ending IN 0793,173.53
04/16,Payment To Chase Card Ending IN 0793,59.95
04/23,Payment To Chase Card Ending IN 0793,18.42
08/19,Kroger #7 4915A Dixie Louisville KY Card,-42.12
08/20,Newport Aquarium Web 859-815-1414 KY Card,-112.90
08/20,Newport Aquarium Newport KY Card 6815,-8.41
08/22,3901 S 7th St Louisville KY Card 7068,-100.00
08/22,3901 S 7th St Louisville KY Card 6815,-100.00
08/24,7335 Dixie Hwy Louisville KY Card 6815,-60.00
08/24,The Home Depot #2302 Louisville KY Card,-24.23
08/24,2211 Heather Ln Louisville KY Card 6815,-43.25
08/24,The Home Depot #2302 Louisville KY Card,-27.41
08/24,Non-Chase ATM Fee-With,-3.00
08/27,4111 Shelbyville Rd Louisville KY Card 7068,-200.00
08/30,Zelle Payment To Juan Constructor 18303064222,-200.00
08/30,B Quick Food Mar Louisville KY Card 7068,-5.14
08/80,Kroger #7 4915A Dixie Louisville KY Card,-82.40
08/31,Caresource KY 888-815-6446 OH Card 6815,-776.41
08/30,Sunshine Pediatrics Louisville KY Card 6815,-126.00
08/31,Becht Givens Service E 502-6361300 IN Card,-311.10
09/01,Pauls Fruit Mark 3704 Louisville KY Card,-101.74
09/01,Kroger #7 4915A Dixie Louisville KY Card,-40.31
09/02,Usps PO 20480900 3131 Louisville KY Card,-9.65
09/02,Sherwin Williams 70126 Louisville KY Card,-159.00
09/03,Wal-Mart Super Center Louisville KY Card,-27.52
09/05,Costco Whse #1238 Louisville KY Card 6815,-199.05
09/05,Greater Louisville Ym 502-587-9622 KY Card,-109.00
09/05,Hometown Hauling 502-3614446 KY Card 6815,-75.00
09/05,Sams Scan-N-Go Jeffersontown KY Card 6815,-117.69
09/06,Pilot #0004 Avon OH Card 7068,-2.50
09/06,Ta # 139 Jeffer Jeffersonvill OH Card 7068,-9.66
09/06,Ta # 139 Jeffer Jeffersonvil OH Card 7068,-8.59
09/07,Zelle Payment To Juan Constructor 18381630547,-200.00
09/07,Walgreens Store 4926 C Louisville KY Card,-14.98
09/07,Kroger #2 7509 Terry R Louisville KY Card,-36.60
09/08,Eagle Louisville Louisville KY Card 7068,-70.35
09/09,Usps PO 20480900 3131 Louisville KY Card,-9.65
09/11,Chau Restaurant Louisville KY Card 7068,-20.38
09/13,Harbor Freight Tools 4 Louisville KY Card,-116.55
09/13,3901 S 7th St Louisville KY Card 7068,-100.00
09/13,Kroger #7 4915A Dixie Louisville KY Card,-156.60
09/13,Pauls Fruit Market Tayl Louisville KY Card 6815,-102.56
09/15,Usps PO 20480900 3131 Louisville KY Card,-9.65
09/15,Whirlpool Appliances 800-253-1301 MI Card,-91.56
09/16,Columbia 598 Simpsonville KY Card 7068,-105.92
09/15,Pepper Palace Bluegra Simpsonville KY Card,-47.67
09/16,Petsmart # 1168 Louisville KY Card 6815,-96.16
09/16,The Home Depot #2302 Louisville KY Card,-38.35
09/16,2948 Richland Ave Louisville KY Card 6815,-100.00
09/18,Pauls Fruit Mark 3704 Louisville KY Card,-58.34
09/18,Costco Whse #1238 Louisville KY Card 6815,-192.13
09/18,Monthly Service Fee,-12.00
09/18,Interest Payment,0.01
01/21,Payment Thank You-Mobile,-274.49
01/25,Payment Thank You-Mobile,-173.53
02/11,Payment Thank You-Mobile,-216.99
02/06,CITYOFSTLOUIS-PARKING 314-622-4700 MO,2.45
02/14,TVC PRO-DRIVER 800-288-2889 OK,59.95
05/07,Payment To Chase Card Ending IN 0793,57.47
05/23,Zelle Payment To Maccario Jom999C5Jz3B,1.00
05/26,Payment To Chase Card Ending IN 0793,106.74
05/30,Payment To Chase Card Ending IN 0793,92.19
01/01,Payment Thank You-Mobile,-300.00
01/11,AUTOMATIC PAYMENT - THANK YOU,-100.00
01/14,TVC PRO-DRIVER 800-288-2889 OK,59.95
03/11/2024,then will go to,26.49
09/19,Disneyplus 888-9057888 CA Card 1981,-8.23
09/23,2948 Richland Ave Louisville KY Card 1981,-100.00
09/26,Caresource KY 937-224-3300 OH Card,-979.93
09/27,Kroger #7 4915A Dixie Louisville KY Card,-69.05
10/01,270 S Randall Rd Elgin IL Card 7068,-200.00
10/05,Cigna 877 484 5967 877-484-5967 FL Card,-81.30
10/05,Capital Anesthesia KY 239-350-5557 OH Card,-143.80
10/11,Zelle Payment To Juan Constructor 15498171707,-650.00
10/11,Payment To Chase Card Ending IN 8647,-546.92
10/12,Zelle Payment From Giulio F Cantor 15521801207,1.00
10/14,Kroger #7 4915A Dixie Louisville KY Card,-39.36
10/17,Zelle Payment From Giulio F Cantor 15562589833,700.00
10/17,1090 Cedar Grove Rd Shepherdsvill KY,-303.95
10/17,Non-Chase ATM Fee-With,-3.00
10/18,Interest Payment,0.17
02/11,AUTOMATIC PAYMENT - THANK YOU,-100.00
02/14,TVC PRO-DRIVER 800-288-2889 OK,59.95
02/17,PURCHASE INTEREST CHARGE,24.36
02/16,Pauls Fruit Mark 3704 Louisville KY Card,-63.30
02/16,Thorntons #0024 #0024 Louisville KY Card,-35.11
02/17,Target T- 3600 Mall Rd Louisville KY Card,-67.90
02/19,Costco Whse #1238 Louisville KY Card 1981,-215.15
02/19,Costco Whse #1238 Louisville KY Card 7068,-10.05
02/19,Pauls Fruit Mark 3704 Louisville KY Card,-69.49
02/21,Kroger Fuel #878 4915 Louisville KY Card,-30.91
02/21,Kroger #785 4915A Dixi Louisville KY Card,-12.36
02/22,Petsmart # 1117 Louisville KY Card 1981,-73.03
02/22,Kroger #3 3039 Brecken Louisville KY Card,-32.33
02/23,Costco Whse #1238 Louisville KY Card 1981,-104.97
02/23,7335 Dixie Hwy Louisville KY Card 1981,-100.00
02/25,Majestic Nails And Spa Louisville KY Card 1981,-40.00
02/25,Wal-Mart #2691 New Albany IN Card 1981,-33.08
02/27,Unher Earthquakerelief Madrid Card 1981,-2.00
02/27,Pauls Fruit Mark 3704 Louisville KY Card,-88.34
02/27,Thorntons #0024 #0024 Louisville KY Card,-32.89
02/27,Sunshine Pediatrics Louisville KY Card 1981,-60.00
02/27,Louisville Zoo Louisville KY Card 1981,-119.00
03/01,Sams Scan-N-Go Jeffersontown KY Card 7068,-162.58
03/01,Harbor Freight Tools 2 Louisville KY Card,-21.18
03/01,Kroger #3 3039 Brecken Louisville KY Card,-65.42
03/05,Walgreens Store 520 Ly Lyndon KY Card,-25.26
03/06,Cigna 877 484 5967 877-484-5967 FL Card,-81.30
03/06,Hometown Hauling 502-3614446 KY Card 1981,-105.00
03/07,Pauls Fruit Mark 3704 Louisville KY Card,-68.91
03/08,Kroger #3 3039 Brecken Louisville KY Card,-154.21
03/09,Dollar Tr 4060 Taylors Louisville KY Card,-29.15
03/08,Igms 877-7352559 CO Card 1981,-68.17
03/10,Kroger Fuel #878 4915 Louisville KY Card,-37.49
03/13,Costco Whse #1238 Louisville KY Card 1981,-155.32
03/13,Target 00014795 Louisville KY Card 1981,-34.46
03/14,3901 S 7th St Louisville KY Card 7068,-100.00
03/14,Pauls Fruit Mark 3704 Louisville KY Card,-48.33
03/15,Monthly Service Fee,-12.00
03/15,Interest Payment,0.02
02/11,Payment To Chase Card Ending IN 0793 ,216.99
02/26,Payment To Chase Card Ending IN 0793,59.95
07/27/2023,then will go to,26.24
09/15,Payment To Chase Card Ending IN 0793,483.20
09/19,u2014 Zelle Payment To Dragos Boldea 15317812605,200.00
09/19,Payment To Chase Card Ending IN 0793,277.67
03/11/2024,then will go to,26.49
02/16,Costco Whse #1238 Louisville KY Card 1981,-69.84
02/18,Costco Whse #1238 Louisville KY Card 1981,-121.31
02/18,Kroger #7 4915A Dixie Louisville KY Card,-89.94
02/19,Disneyplus 888-9057888 CA Card 1981,-8.23
02/25,Petsmart # 1117 Louisville KY Card 1981,-127.66
02/27,Applebees N Di00908053 Louisville KY Card,-33.88
02/28,Target T- 4640 Taylors Louisville KY Card,-54.01
02/28,Kroger #7 4915A Dixie Louisville KY Card,-108.95
03/01,Kroger #785 4915A Dixi Louisville KY Card,-2.07
03/01,Kroger #7 4915A Dixie Louisville KY Card,-35.82
02/28,Louisville Zoo Online 502-5743211 KY Card,-119.00
03/02,Kohls 0251 110 Oxmoor Louisville KY Card,-31.58
03/02,Old Navy US 6226 Louisville KY Card 1981,-8.48
03/02,Costco Whse #1238 Louisville KY Card 1981,-232.18
03/03,Kroger #7 4915A Dixie Louisville KY Card,-19.34
03/04,Target T- 3600 Mall Rd Louisville KY Card,-13.78
03/08,Kroger #7 4915A Dixie Louisville KY Card,-99.00
03/08,Kroger Fuel #878 4915 Louisville KY Card,-40.16
03/08,Buff City Soap -Louisvi Louisville KY Card 1981,-46.64
03/11,Kroger #7 4915A Dixie Louisville KY Card,-93.58
03/13,Sams Scan-N-Go Jeffersontown KY Card 7068,-150.14
03/13,Kroger Fuel #878 4915 Louisville KY Card,-48.44
03/15,Check #109,-200.00
03/15,Target T- 4174 Westpor Louisville KY Card,-47.68
03/15,Interest Payment,0.06
02/26,Payment Thank You-Mobile,-59.95
03/03,AUTOZONE #3585 LOUISVILLE KY,-63.59
03/03,THE HOME DEPOT 2307 LOUISVILLE KY,528.94
03/03,AUTOZONE #0610 LOUISVILLE KY,63.59
03/03,AUTOZONE #3585 LOUISVILLE KY,199.17
03/06,AUTHENTIC CARIBBEAN KITC LOUISVILLE KY,41.45
03/07,MUTHS CANDIES INC LOUISVILLE KY,19.03
03/07,HONG KONG RESTAURANT LOUISVILLE KY,9.59
03/06,MENARDS 3373 LOUISVILLE KY,82.87
03/08,CHAU RESTAURANT LOUISVILLE KY,32.98
03/09,HONG KONG RESTAURANT LOUISVILLE KY,14.93
03/08,SPINELLIS PIZZERIA LOUISVILLE KY,10.36
03/13,MARATHON PETRO165373 FLORENCE KY,2.11
03/13,HONG KONG RESTAURANT LOUISVILLE KY,15.93
03/13,TA #93 FLORENCE FASTFO FLORENCE KY,13.23
03/13,KENWORTH OF LOUISVILLE LOUISVILLE KY,105.22
03/14,TVC PRO-DRIVER 800-288-2889 OK,59.95
03/14,VIETNAM KITCHEN LOUISVILLE KY,37.39
09/19,Panera Bread #203390 P Amherst OH Card,-16.88
09/20,Zelle Payment To Citi Jom99A2Dgyhk,-7.89
09/20,Kroger #7 4915A Dixie Louisville KY Card,-138.96
09/21,The Home Depot #2302 Louisville KY Card,-53.48
09/22,Usps PO 20480900 3131 Louisville KY Card,-9.65
09/22,Usps PO 20480900 3131 Louisville KY Card,-75.55
09/22,Kroger #7 4915A Dixie Louisville KY Card,-95.34
09/23,Kroger Fuel #878 4915 Louisville KY Card,-34.81
09/25,Pilot #0358 Paducah KY Card 7068,-6.35
09/25,Pauls Fruit Mark 3704 Louisville KY Card,-75.37
09/25,Pilot #1126 Birmingham MO Card 7068,-6.56
09/26,Pilot #0358 Paducah KY Card 7068,-11.74
09/26,Pilot #0358 Paducah KY Card 7068,-2.69
09/28,Walgreens Store 4926 C Louisville KY Card,-15.74
09/28,3901 S 7th St Louisville KY Card 7068,-200.00
09/28,Buff City Soap - 4600 Louisville KY Card,-63.34
09/28,Marshalls 3500 Murstbo Louisville KY Card,-75.23
09/28,Wholefds Lou 101 4944 Louisville KY Card,-74.91
09/28,Costco Whse #1238 Louisville KY Card 7068,-10.56
09/28,Costco Whse #1238 Louisville KY Card 7068,-116.34
09/29,Usps PO 20480900 3131 Louisville KY Card,-9.65
09/30,Walgreens Store 580 IN Chesterton IN Card,-5.87
10/02,Kroger #7 4915A Dixie Louisville KY Card,-177.23
10/03,Pauls Fruit Mark 3704 Louisville KY Card,-85.09
10/03,Feeders Supply Louisville KY Card 6815,-48.72
10/03,Kroger #7 4915A Dixie Louisville KY Card,-31.82
10/04,Acosta Truck Parts LLC Louisville KY Card,-36.04
10/04,Wholefds Lou 101 4944 Louisville KY Card,-44.21
10/04,Bp#6468524Shop Louisville KY Card 7068,-54.98
10/05,Usps PO 20482100 4440 Louisville KY Card,-50.00
10/05,Dollartre 4800 Bardsto Louisville KY Card,-56.98
10/05,Dollar Tr 4121 Shelbyv Louisville KY Card,-43.73
10/05,Big Lots 4121 Shelbyv Louisville KY Card,-27.53
10/08,4111 Shelbyville Rd Louisville KY Card 7068,-100.00
10/08,Target T- 4174 Westpor Louisville KY Card,-47.68
10/08,Kroger Fuel #838 296 Saint Matthew KY,-42.40
10/09,Toyota Oxmoor Toyota Louisville KY Card 6815,-123.69
10/09,Kroger #7 4915A Dixie Louisville KY Card,-75.28
10/11,Pauls Fruit Mark 3704 Louisville KY Card,-98.44
10/11,Costco Whse #1238 Louisville KY Card 6815,-342.27
10/11,Dollartre 4856 Cane Ru Louisville KY Card,-54.33
10/11,Kroger #2 7509 Terry R Louisville KY Card,-27.93
10/12,Check #359,-15.00
10/14,Sherwin Williams 70126 Louisville KY Card,-189.58
10/15,Dollartre 4800 Bardsto Louisville KY Card,-14.58
10/15,Wholefds Lou 101 4944 Louisville KY Card,-11.98
10/16,120 W Spring St New Albany IN Card 6815,-100.00
10/17,Kroger Fuel #878 4915 Louisville KY Card,-31.18
10/17,3901 S 7th St Louisville KY Card 7068,-100.00
10/17,Monthly Service Fee,-12.00
10/17,Interest Payment,0.01
04/16,Payment Thank You-Mobile,-59.95
04/14,TVC PRO-DRIVER 800-288-2889 OK,59.95
04/17,PURCHASE INTEREST CHARGE,18.42
12/17,Books A Million 586 Louisville KY Card 7068,-45.51
12/17,Kroger #785 4915A Dixi Louisville KY Card,-8.98
12/19,Kroger Fuel #878 4915 Louisville KY Card,-19.76
12/19,Mnrd-Louisville 9625 P Louisville KY Card,-4.99
12/19,Mnrd-Louisville 9625 P Louisville KY Card,-65.42
12/19,Dollar Tree Louisville KY Card 6815,-5.30
12/21,Costco Whse #1238 Louisville KY Card 6815,-283.79
12/21,Pauls Fru 3704 Taylors Louisville KY Card,-87.13
12/22,USA Fuel Russellville KY Card 7068,-10.59
12/21,American Mix Lousiville KY Card 7068,-16.56
12/23,Usps PO 20480900 3131 Louisville KY Card,-9.65
12/23,Best Buy #333 Louisvile KY Card 7068,-116.59
12/23,Kenworth of Louisville Louisville KY Card 7068,-391.99
12/26,Columbia 598 Simpsonville KY Card 7068,-61.74
12/27,Columbia 598 Simpsonville KY Card 7068,-130.30
12/27,Romans Asian Kitchen Simpsonville KY Card,-64.00
12/28,Costco Whse #1238 Louisville KY Card 7068,-170.67
12/28,Costco Gas #1238 Louisville KY Card 7068,-33.73
12/28,Sams Scan-N-Go Jeffersontown KY Card 6815,-96.63
12/29,Check # 363,-153.85
12/30,Walgreens Store 5201 S Louisville KY Card,-6.49
12/30,Ikea Fishers Fishers IN Card 7068,-278.45
12/30,Shell Service Station Indianapolis IN Card,-43.49
12/31,Visible 866-331-3527 CO Card 7068,-25.00
12/31,Visible 866-331-3527 CO Card 7068,-35.00
01/01,Sp Hiya Health Httpshiyaheal FL Card 6815,-63.60
01/01,Vietnam Kitchen Louisville KY Card 7068,-57.00
01/01,Bp#6468524Shop Louisville KY Card 7068,-55.67
01/03,Target T- 4174 Westpor Louisville KY Card,-81.50
01/03,Wholefds Lou 101 4944 Louisville KY Card,-129.49
01/03,Ta # 10 Gary Gary IN Card 7068,-4.00
01/04,Flying J #652 Lebanon IN Card 7068,-1.10
01/05,Usps PO 20480900 3131 Louisville KY Card,-9.65
01/05,Wm Supere Wal-Mart Sup Louisville KY,-31.52
01/06,The Home Depot #2302 Louisville KY Card,-175.73
01/06,Target T- 3600 Mall Rd Louisville KY Card,-91.78
01/06,Kroger #3 3039 Brecken Louisville KY Card,-110.55
01/07,Walgreens Store 4926 C Louisville KY Card,-17.77
01/09,Tmobile Auto Pay Bellevue WA Card 7068,-99.54
01/09,Pauls Fruit Mark 3704 Louisville KY Card,-84.61
01/09,Costco Whse #1238 Louisville KY Card 7068,-338.36
01/13,Target T- 4101 Towne C Louisville KY Card,-104.13
01/16,Usps PO 20480900 3131 Louisville KY Card,-9.65
01/16,Autozone 0603 3940 Di Louisville KY Card,-14.83
01/16,Costco Whse #1238 Louisville KY Card 6815,-216.61
01/16,Costco Gas #1238 Louisville KY Card 6815,-23.31
01/17,Pilot #0041 MT Sterling KY Card 7068,-11.44
01/17,Monthly Service Fee,-12.00
01/17,Interest Payment,0.01
09/12,Zelle Payment To Juan Constructor 18425170716,300.00
09/28,__Zelle Payment To Alin Nemes 18564361447,100.00
05/17,Olive Garden 0021852 Louisville KY Card 1981,-68.86
05/19,Disneyplus 888-9057888 CA Card 1981,-8.23
05/26,Caresource KY 937-224-3300 OH Card,-780.13
05/27,Cigna 877 484 5967 877-484-5967 FL Card,-81.30
06/01,Kroger 502-634-0724 KY Card 1981,-72.15
06/01,667A Ceder Grove Rd Shepardsville KY,-122.99
06/01,Non-Chase ATM Fee-With,-2.50
06/06,160 Rochester Louisville KY Card 7068,-124.00
06/06,Non-Chase ATM Fee-With,-2.50
06/07,7923 Preston Hwy Louisville KY Card 1981,-140.00
06/07,Kroger Fuel #878 4915 Louisville KY Card,-55.25
06/09,Samsclub #8111 Jeffersontown KY Card 7068,-184.98
06/10,7403 3Rd Street Rd Louisville KY Card 7068,-200.00
06/13,Payment To Chase Card Ending IN 0793,-758.16
06/15,Interest Payment,0.35
02/16,Pauls Fruit Mark 3704 Louisville KY Card,-63.30
02/16,Thorntons #0024 #0024 Louisville KY Card,-35.11
02/17,Target T- 3600 Mall Rd Louisville KY Card,-67.90
02/19,Costco Whse #1238 Louisville KY Card 1981,-215.15
02/19,Costco Whse #1238 Louisville KY Card 7068,-10.05
02/19,Pauls Fruit Mark 3704 Louisville KY Card,-69.49
02/21,Kroger Fuel #878 4915 Louisville KY Card,-30.91
02/21,Kroger #785 4915A Dixi Louisville KY Card,-12.36
02/22,Petsmart # 1117 Louisville KY Card 1981,-73.03
02/22,Kroger #3 3039 Brecken Louisville KY Card,-32.33
02/23,Costco Whse #1238 Louisville KY Card 1981,-104.97
02/23,7335 Dixie Hwy Louisville KY Card 1981,-100.00
02/25,Majestic Nails And Spa Louisville KY Card 1981,-40.00
02/25,Wal-Mart #2691 New Albany IN Card 1981,-33.08
02/27,Unher Earthquakerelief Madrid Card 1981,-2.00
02/27,Pauls Fruit Mark 3704 Louisville KY Card,-88.34
02/27,Thorntons #0024 #0024 Louisville KY Card,-32.89
02/27,Sunshine Pediatrics Louisville KY Card 1981,-60.00
02/27,Louisville Zoo Louisville KY Card 1981,-119.00
03/01,Sams Scan-N-Go Jeffersontown KY Card 7068,-162.58
03/01,Harbor Freight Tools 2 Louisville KY Card,-21.18
03/01,Kroger #3 3039 Brecken Louisville KY Card,-65.42
03/05,Walgreens Store 520 Ly Lyndon KY Card,-25.26
03/06,Cigna 877 484 5967 877-484-5967 FL Card,-81.30
03/06,Hometown Hauling 502-3614446 KY Card 1981,-105.00
03/07,Pauls Fruit Mark 3704 Louisville KY Card,-68.91
03/08,Kroger #3 3039 Brecken Louisville KY Card,-154.21
03/09,Dollar Tr 4060 Taylors Louisville KY Card,-29.15
03/08,Igms 877-7352559 CO Card 1981,-68.17
03/10,Kroger Fuel #878 4915 Louisville KY Card,-37.49
03/13,Costco Whse #1238 Louisville KY Card 1981,-155.32
03/13,Target 00014795 Louisville KY Card 1981,-34.46
03/14,3901 S 7th St Louisville KY Card 7068,-100.00
03/14,Pauls Fruit Mark 3704 Louisville KY Card,-48.33
03/15,Monthly Service Fee,-12.00
03/15,Interest Payment,0.02
07/18,Samsclub #8276 Louisville KY Card 7068,-390.10
07/19,Disneyplus 888-9057888 CA Card 1981,-8.23
07/21,7335 Dixie Hwy Louisville KY Card 1981,-40.00
07/21,Kroger #7 4915A Dixie Louisville KY Card,-15.75
07/21,Kroger #7 4915A Dixie Louisville KY Card,-82.27
07/22,4100 Towne Center DR Louisville KY,-203.00
07/22,Non-Chase ATM Fee-With,-3.00
07/26,Caresource KY 937-224-3300 OH Card,-148.24
07/26,Decluttr 678-766-1762 GA Card 1981,-127.18
07/27,Usps PO 20480900 3131 Louisville KY Card,-20.95
08/05,Cigna 877 484 5967 877-484-5967 FL Card,-81.30
08/08,Target T- 3600 Mall Rd Louisville KY Card,-157.31
08/11,Petsmart # 1117 Louisville KY Card 1981,-110.75
08/15,Interest Payment,0.20
08/07,US Treasury Tax Payme 615-730-6367 TN Card 5765,562.12
08/08,Zelle Payment To Alin Eremia Jom99A0F2Fdd,39.00
09/19,Payment Thank You-Mobile,-277.67
10/05,Payment Thank You-Mobile,-689.99
10/16,REDEMPTION CREDIT,-74.68
09/15,MEIJER # 164 877-363-4537 KY,44.60
09/15,BOB EVANS REST #0379 LOUISVILLE KY,33.47
09/16,MARATHON PETRO156182 LOUISVILLE KY,10.00
09/20,THORNTONS #0155 LOUISVILLE KY,28.24
09/21,CHAU RESTAURANT LOUISVILLE KY,33.51
09/20,EL MEXICANO RESTAURANT JEFFERSONVILL IN,20.04
09/22,Mirage Louisville KY,51.00
09/22,THORNTONS #0155 LOUISVILLE KY,2.00
09/24,PARC-PARKING AUTHORITY O LOUISVILLE KY,1.00
09/26,JEFFERSON COUNTY CLERKS LOUISVILLE KY,34.00
09/27,FIESTA HABANERO AVON OH,31.00
09/28,PILOT 00000042 AVON OH,4.59
09/29,Subway 36763 Avon OH,10.91
09/28,FIESTA HABANERO AVON OH,30.00
09/30,CIRCLE K 02225 JEFFERSONVILL IN,36.48
10/01,SHELL OIL 10004999008 HOFFMAN ESTAT IL,45.39
10/01,FAIR OAKS FARMS FAIR OAKS IN,99.06
10/04,MARATHON PETRO179291 EDINBURGH IN,35.78
10/09,FIRST WATCH - 0490 SAINT LOUIS MO,87.47
10/09,QT 671 SAINT LOUIS MO,18.32
10/13,THOMAS CAR WASH - HURSTB LOUISVILLE KY,15.00
10/14,TVC PRO-DRIVER 800-288-2889 OK,59.95
10/13,BP#6468524SHOP N GO LOUISVILLE KY,57.68
10/14,THORNTONS #0165 LOUISVILLE KY,39.67
10/19,Disneyplus 888-9057888 CA Card 1981,-8.23
10/25,Sams Scan-N-Go Jeffersontown KY Card 7068,-277.07
10/26,Zelle Payment From Giulio F Cantor 15629723702,725.00
10/26,Caresource KY 937-224-3300 OH Card,-979.93
11/03,Sunshine Pediatrics Louisville KY Card 1981,-50.00
11/03,Kroger #785 Louisville KY Card 1981,-40.94
11/07,Cigna 877 484 5967 877-484-5967 FL Card,-81.30
11/08,Kroger #785 4915A Dixi Louisville KY Card,-7.45
11/08,Kroger #7 4915A Dixie Louisville KY Card,-110.11
11/08,Costco Whse #1238 Louisville KY Card 1981,-62.67
11/12,Costco Whse #1238 Louisville KY Card 1981,-180.06
11/12,Pauls Fru 3704 Taylors Louisville KY Card,-38.25
11/14,Wholefds Lou 101 4944 Louisville KY Card,-38.93
11/16,Petsmart # 1117 Louisville KY Card 1981,-120.18
11/16,Costco Whse #1238 Louisville KY Card 1981,-48.20
11/16,Wal-Mart Super Center Louisville KY Card,-111.88
11/08,COSTCO WHSE #1238 LOUISVILLE KY,1.59
11/08,CHICK-FIL-A #04264 812-288-2020 IN,19.29
10/23,-0- -0-  Purchases,27.49
10/23,-0- -0-  Cash Advances,28.74
10/23,-0- -0-  Balance Transfers,27.49
05/16,Kroger #3 5533 New Cut Louisville KY Card,-68.99
05/18,2948 Richland Ave Louisville KY Card 6815,-100.00
05/18,Pauls Fruit Mark 3704 Louisville KY Card,-54.02
05/18,Costco Whse #1238 Louisville KY Card 6815,-150.57
05/18,Costco Gas #1238 Louisville KY Card 6815,-32.28
05/19,Pauls Fru 3704 Taylors Louisville KY Card,-25.56
05/19,Kroger #7 4915A Dixie Louisville KY Card,-33.83
05/22,3901 S 7th St Louisville KY Card 7068,-200.00
05/22,Kroger #3 3039 Brecken Louisville KY Card,-46.84
05/23,Costco Whse #1238 Louisville KY Card 7068,-172.35
05/23,Costco Gas #1238 Louisville KY Card 7068,-34.78
05/23,Petsmart # 1117 Louisville KY Card 6815,-58.70
05/24,Kroger #3 3039 Brecken Louisville KY Card,-15.60
05/25,Pauls Fru 3704 Taylors Louisville KY Card,-30.66
05/29,Apple Cash 1Infiniteloop CA Card 6815,-24.00
05/80,Costco Whse #1238 Louisville KY Card 7068,-108.23
05/31,Kroger #7 4915A Dixie Louisville KY Card,-75.67
05/31,Sams Scan-N-Go Jeffersontown KY Card 6815,-138.78
06/01,Wm Superc Wal-Mart Sup Louisville KY,-64.86
06/02,Kroger #3 3039 Brecken Louisville KY Card,-18.47
06/05,Kroger #3 3039 Brecken Louisville KY Card,-78.83
06/05,Pauls Fru 3704 Taylors Louisville KY Card,-25.54
06/07,Autosave Savings 11410806914,-110.00
06/08,Costco Whse #1238 Louisville KY Card 6815,-185.18
06/08,Costco Gas #1238 Louisville KY Card 6815,-41.53
06/11,Wholefds Lou 101 4944 Louisville KY Card,-155.33
06/13,Petsmart # 1117 Louisville KY Card 6815,-99.34
06/13,Sams Scan-N-Go Jeffersontown KY Card 6815,-112.09
06/14,Costco Gas #1238 Louisville KY Card 6815,-31.74
06/14,Costco Whse #1238 Louisville KY Card 7068,-38.97
06/15,Costco Whse #1238 Louisville KY Card 7068,-98.73
06/07,Autosave Savings 11410806914,110.00
06/15,Interest Payment,0.04
08/16,Walgreens Store 5100 D Louisville KY Card,-25.11
08/16,3901 S 7th St Louisville KY Card 7068,-300.00
08/19,Disneyplus 888-9057888 CA Card 1981,-8.23
08/20,Payment To Chase Card Ending IN 8647,-763.90
08/24,Kroger #7 4915A Dixie Louisville KY Card,-115.48
08/24,Kroger Fuel #878 4915 Louisville KY Card,-33.24
08/24,Goemerchant 800-9672289 SC Card 1981,-70.45
08/25,7403 3Rd Street Rd Louisville KY Card 7068,-200.00
08/26,Caresource KY 937-224-3300 OH Card,-979.93
08/29,Target 00024737 Louisville KY Card,22.26
08/29,Target T- 4174 Westpor Louisville KY Card,16.94
08/30,Kroger Fuel #878 4915 Louisville KY Card,-37.92
08/31,Kroger CO 220 Holiday Louisville KY Card,-726.10
09/05,9100 Niagara Falls B Niagara Falls NY,-123.50
09/06,Non-Chase ATM Fee-With,-3.00
09/06,Cigna 877 484 5967 877-484-5967 FL Card,-81.30
09/14,Zelle Payment To Gicu Nexus Jpum999G6R037,-1.00
09/14,Zelle Payment To Gicu Nexus Jom999G6Rp75,-399.00
09/14,Zelle Payment To Prospect RP Jpm999G75Nwg,-225.00
03/11/2024,then will go to,26.99
12/16,Pauls Fruit Mark 3704 Louisville KY Card,-58.75
12/17,The Home Depot #2302 Louisville KY Card,-20.90
12/19,Burlington Stores 734 Louisville KY Card,-70.38
12/19,Kroger #3 3039 Brecken Louisville KY Card,-93.50
12/20,Columbia 598 Simpsonville KY Card 1981,-122.00
12/20,Tnf Louisville Simpsonville KY Card 1981,-56.76
12/27,Zelle Payment From Giulio F Cantor 16118645565,100.00
12/26,Sams Membership 888-433-7267 AR Card,-50.00
01/02,320 Howard St Petoskey MI Card 7068,-200.00
01/05,Costco Whse #1238 Louisville KY Card 7068,-416.59
01/05,Cigna 877 484 5967 877-484-5967 FL Card,-81.30
01/06,Wal-Mart Super Center Louisville KY Card,-69.84
01/06,Walgreens #9412 Louisville KY Card 1981,-10.19
01/09,Sams Scan-N-Go Jeffersontown KY Card 7068,-116.91
01/09,Costco Whse #1238 Louisville KY Card 1981,-48.73
01/10,Target T- 3600 Mall Rd Louisville KY Card,-116.58
01/12,Dollar Tree 4060 Taylo Louisville KY Card,-2.58
01/12,Pauls Fru 3704 Taylors Louisville KY Card,-38.33
01/13,Costco Gas #1238 Louisville KY Card 1981,-36.12
01/15,Petsmart # 1117 Louisville KY Card 1981,-125.73
01/17,2943 Richland Ave Louisville KY Card 1981,-100.00
01/17,Petsmart # 1117 Louisville KY Card 1981,-55.10
01/17,Costco Whse #1238 Louisville KY Card 1981,-200.74
01/17,Petsmart # 1117 Louisville KY Card 1981,46.63
01/18,Kroger 502-634-0724 KY Card 1981,-81.41
01/18,Fenwick Animal Clinic Louisville KY Card,-21.05
01/18,Interest Payment,0.06
03/11/2024,then will go to,27.24
10/18,Payment Thank You-Mobile,-239.19
10/23,Payment Thank You-Mobile,-248.29
11/14,Payment Thank You-Mobile,-500.00
10/18,BOB EVANS REST #0379 LOUISVILLE KY,39.02
10/19,CHAU RESTAURANT LOUISVILLE KY,48.07
10/18,MEIJER # 164 877-363-4537 KY,100.15
10/22,BP#8793226KINGS HWY BP 2 SAINT LOUIS MO,45.04
10/23,MCALISTERS #1640 MT VERNON IL,10.24
10/26,BP#3743267SEYMOUR TRAVEL SEYMOUR IN,15.18
10/27,FIRST WATCH - 523 - ST MA LOUISVILLE KY,46.57
10/27,CHAU RESTAURANT LOUISVILLE KY,28.00
10/31,BP#9245358LAGRANGE LOUISVILLE KY,56.73
11/02,CHAU RESTAURANT LOUISVILLE KY,53.95
11/03,VIETNAM KITCHEN LOUISVILLE KY,35.00
11/04,WALGREENS #4216 LOUISVILLE KY,4.99
11/06,KROGER 785 LOUISVILLE KY,27.82
11/09,CHAU RESTAURANT LOUISVILLE KY,33.51
11/09,WALGREENS #4216 LOUISVILLE KY,31.48
11/10,VIETNAM KITCHEN LOUISVILLE KY,16.78
14/11,KING GYROS SAINT MATTHEW KY,16.87
14/11,DR STEVEN CARTER LOUISVILLE KY,82.00
11/14,TVC PRO-DRIVER 800-288-2889 OK,59.95
11/14,KROGER 752 LOUISVILLE KY,15.31
11/14,PAULS FRUIT MARKET TAYLOR LOUISVILLE KY,10.90
11/15,KROGER FUEL 8752 LOUISVILLE KY,53.95
11/16,WAL-MART #5417 LOUISVILLE KY,33.60
07/27/2023,then will go to,25.99
07/01,Payment To Chase Card Ending IN 0793,164.81
07/10,Payment To Chase Card Ending IN 0793,414.09
07/11,Payment To Chase Card Ending IN 0793,460.11
07/15,Payment To Chase Card Ending IN 0793,239.87
07/24,Payment To Chase Card Ending IN 0793,439.84
07/27,Payment To Chase Card Ending IN 0793,117.72
01/19,Kroger Fuel #834 3039 Louisville KY Card,-31.99
01/19,Kroger #3 3039 Brecken Louisville KY Card,-33.10
01/20,3901 S 7th St Louisville KY Card 7068,-100.00
01/23,Target T- 3600 Mall Rd Louisville KY Card,-152.67
01/23,Bryan G Harness Cosmet Louisville KY Card,-185.00
01/23,Pauls Fruit Mark 3704 Louisville KY Card,-44.18
01/23,Sunshine Pediatrics Louisville KY Card 1981,-35.00
01/23,Kroger #785 Louisville KY Card 1981,-68.69
01/24,Target T- 3600 Mall Rd Louisville KY Card,-138.21
01/25,Fenwick Animal Clinic Louisville KY Card,-63.25
01/25,Costco Whse #1238 Louisville KY Card 1981,-36.09
01/25,Costco Gas #1238 Louisville KY Card 1981,-33.89
01/27,Kroger #346 3039 Breck Louisville KY Card,-36.15
01/80,Costco Gas #1238 Louisville KY Card 1981,-30.67
01/31,Mirage Louisville KY Card 1981,-37.53
02/01,Target T- 3600 Mall Rd Louisville KY Card,-109.30
02/01,Target T- 3600 Mall Rd Louisville KY Card,-50.67
02/01,Toyota Oxmoor Toyota Louisville KY Card 1981,-162.95
02/02,First Watch - 523 - S 502-618-1955 KY Card,-31.75
02/03,Kroger Fuel #878 4915 Louisville KY Card,-39.39
02/03,First Watch - 570 - 502-444-7744 KY Card,-26.88
02/06,Cigna 877 484 5967 877-484-5967 FL Card,-81.30
02/07,Kroger Fuel #878 4915 Louisville KY Card,-35.82
02/07,3901 S 7th St Louisville KY Card 7068,-200.00
02/07,Kroger #7 4915A Dixie Louisville KY Card,-117.91
02/08,Petsmart # 1117 Louisville KY Card 1981,-228.17
02/08,Pauls Fruit Mark 3704 Louisville KY Card,-70.25
02/08,Best Buy #333 Louisvile KY Card 1981,-76.19
02/08,Igms 877-7352559 CO Card 1981,-68.17
02/09,Costco Whse #1238 Louisville KY Card 1981,-373.18
02/10,Target T- 3600 Mall Rd Louisville KY Card,-80.96
02/11,Wal-Mart #2691 New Albany IN Card 1981,-165.93
02/12,Thorntons #0161 #0161 Louisville KY Card,-35.98
02/13,Wal-Mart Super Center Louisville KY Card,-58.48
02/14,Buff City Soap - 4600 Louisville KY Card,-79.36
02/14,Kroger #7 4915A Dixie Louisville KY Card,-54.36
02/15,Interest Payment,0.05
03/11/2024,then will go to,26.99
12/15,Remote Online Deposit 1,569.99
12/06,__Zelle Payment To Alin Eremia Jom99A63S300,39.00
01/09,Payment To Chase Card Ending IN 0793 ,669.32
01/12,Zelle Payment To Gicu Nexus Jpm999KS8Cos ,500.00
01/21,Payment To Chase Card Ending IN 0793,274.49
01/25,Payment To Chase Card Ending IN 0793,173.53
02/26,Payment Thank You-Mobile,-59.95
03/03,AUTOZONE #3585 LOUISVILLE KY,-63.59
03/03,THE HOME DEPOT 2307 LOUISVILLE KY,528.94
03/03,AUTOZONE #0610 LOUISVILLE KY,63.59
03/03,AUTOZONE #3585 LOUISVILLE KY,199.17
03/06,AUTHENTIC CARIBBEAN KITC LOUISVILLE KY,41.45
03/07,MUTHS CANDIES INC LOUISVILLE KY,19.03
03/07,HONG KONG RESTAURANT LOUISVILLE KY,9.59
03/06,MENARDS 3373 LOUISVILLE KY,82.87
03/08,CHAU RESTAURANT LOUISVILLE KY,32.98
03/09,HONG KONG RESTAURANT LOUISVILLE KY,14.93
03/08,SPINELLIS PIZZERIA LOUISVILLE KY,10.36
03/13,MARATHON PETRO165373 FLORENCE KY,2.11
03/13,HONG KONG RESTAURANT LOUISVILLE KY,15.93
03/13,TA #93 FLORENCE FASTFO FLORENCE KY,13.23
03/13,KENWORTH OF LOUISVILLE LOUISVILLE KY,105.22
03/14,TVC PRO-DRIVER 800-288-2889 OK,59.95
03/14,VIETNAM KITCHEN LOUISVILLE KY,37.39
10/11,AUTOMATIC PAYMENT - THANK YOU,-100.00
10/17,PURCHASE INTEREST CHARGE,54.93
01/21,Payment Thank You-Mobile,-274.49
01/25,Payment Thank You-Mobile,-173.53
02/11,Payment Thank You-Mobile,-216.99
02/06,CITYOFSTLOUIS-PARKING 314-622-4700 MO,2.45
02/14,TVC PRO-DRIVER 800-288-2889 OK,59.95
01/21,Payment Thank You-Mobile,-274.49
01/25,Payment Thank You-Mobile,-173.53
02/11,Payment Thank You-Mobile,-216.99
02/06,CITYOFSTLOUIS-PARKING 314-622-4700 MO,2.45
02/14,TVC PRO-DRIVER 800-288-2889 OK,59.95
07/27/2023,then will go to,26.49
07/27/2023,then will go to,25.99
02/11,Payment To Chase Card Ending IN 0793 ,216.99
02/26,Payment To Chase Card Ending IN 0793,59.95
08/05,Payment To Chase Card Ending IN 0793,294.39
08/08,Payment To Chase Card Ending IN 0793,234.04
08/15,Payment To Chase Card Ending IN 0793,191.39
08/20,Payment To Chase Card Ending IN 0793,263.16
08/29,Payment To Chase Card Ending IN 0793,278.42
06/13,Sams Club#8111 Jeffersontown KY Card,13.76
06/20,Petsmart # 1168 Louisville KY Card 6815,-65.21
06/20,3920 Summit Plaza DR Louisville KY Card,-100.00
06/20,Costco Gas #1238 Louisville KY Card 6815,-41.56
06/21,2943 Richland Ave Louisville KY Card 6815,-160.00
06/21,Costco Whse #1238 Louisville KY Card 6815,-58.07
06/21,Kroger #346 3039 Breck Louisville KY Card,-49.81
06/22,Pauls Fruit Mark 3704 Louisville KY Card,-83.65
07/03,Costco Gas #1238 Louisville KY Card 6815,-31.94
07/06,Netflix 1 8445052993 CA Card 6815,-16.33
07/06,Kroger #7 4915A Dixie Louisville KY Card,-53.68
07/07,Withdrawal,-100.00
07/07,Withdrawal,-40.00
07/18,Interest Payment,0.02
07/27/2023,then will go to,26.24
04/18,Costco Whse #1238 Louisville KY Card 7068,-43.41
04/18,Zelle Payment To Juan Constructor 14144051526,-150.00
04/19,Kroger Fuel #838 296 Saint Matthew KY,-40.17
04/19,Disneyplus 888-9057888 CA Card 1981,-8.23
04/21,Aeroflow Inc 828-2771400 NC Card 1981,-132.09
04/22,Kroger #7 4915A Dixie Louisville KY Card,-97.62
04/25,Zelle Payment To Teaira 14180475820,-120.00
04/25,Kroger Fuel #878 4915 Louisville KY Card,-46.12
04/25,Pauls Fru 3704 Taylors Louisville KY Card,-41.85
04/26,1481 S 7th St Louisville KY Card 7068,-200.00
04/27,Target T- 3600 Mall Rd Louisville KY Card,-77.33
04/28,Target T- 4101 Towne C Louisville KY Card,-30.73
04/29,Kroger Fuel #878 4915 Louisville KY Card,-42.43
04/29,Check #355,-165.00
05/02,Check # 353,-363.46
05/03,Wal-Mart #5418 Louisville KY Card 1981,-86.86
05/03,Pauls Fru 3704 Taylors Louisville KY Card,-33.79
05/05,Pediatric Dentistry O 502-633-4441 KY Card,-10.00
05/06,Ollies Bargain Outlet Louisville KY Card,-52.00
05/06,Roses Espress Store #6 Louisville KY Card,-84.21
05/06,Wm Supere Wal-Mart Sup Louisville KY,-79.92
05/06,Wal-Mart Wal-Mart Sup Louisville KY Card,-46.83
05/06,Target T- 7311 Jeffers Louisville KY Card,-158.99
05/06,Target T- 7311 Jeffers Louisville KY Card,-200.72
05/07,Kentucky Science Center Louisville KY Card,-47.00
05/09,Zelle Payment To Joey Jom999Bnybpg,-193.00
05/10,Check #352,-202.50
05/10,Wal-Mart Super Center Louisville KY Card,-85.69
05/11,The Home Depot #2302 Louisville KY Card,-202.20
05/11,7335 Dixie Hwy Louisville KY Card 7068,-760.00
05/16,Interest Payment,0.30
06/02,Payment To Chase Card Ending IN 0793,316.34
06/08,Payment To Chase Card Ending IN 0793,678.55
06/15,Payment To Chase Card Ending IN 0793,46.51
06/20,Payment To Chase Card Ending IN 0793,147.87
12/16,Pauls Fruit Mark 3704 Louisville KY Card,-58.75
12/17,The Home Depot #2302 Louisville KY Card,-20.90
12/19,Burlington Stores 734 Louisville KY Card,-70.38
12/19,Kroger #3 3039 Brecken Louisville KY Card,-93.50
12/20,Columbia 598 Simpsonville KY Card 1981,-122.00
12/20,Tnf Louisville Simpsonville KY Card 1981,-56.76
12/27,Zelle Payment From Giulio F Cantor 16118645565,100.00
12/26,Sams Membership 888-433-7267 AR Card,-50.00
01/02,320 Howard St Petoskey MI Card 7068,-200.00
01/05,Costco Whse #1238 Louisville KY Card 7068,-416.59
01/05,Cigna 877 484 5967 877-484-5967 FL Card,-81.30
01/06,Wal-Mart Super Center Louisville KY Card,-69.84
01/06,Walgreens #9412 Louisville KY Card 1981,-10.19
01/09,Sams Scan-N-Go Jeffersontown KY Card 7068,-116.91
01/09,Costco Whse #1238 Louisville KY Card 1981,-48.73
01/10,Target T- 3600 Mall Rd Louisville KY Card,-116.58
01/12,Dollar Tree 4060 Taylo Louisville KY Card,-2.58
01/12,Pauls Fru 3704 Taylors Louisville KY Card,-38.33
01/13,Costco Gas #1238 Louisville KY Card 1981,-36.12
01/15,Petsmart # 1117 Louisville KY Card 1981,-125.73
01/17,2943 Richland Ave Louisville KY Card 1981,-100.00
01/17,Petsmart # 1117 Louisville KY Card 1981,-55.10
01/17,Costco Whse #1238 Louisville KY Card 1981,-200.74
01/17,Petsmart # 1117 Louisville KY Card 1981,46.63
01/18,Kroger 502-634-0724 KY Card 1981,-81.41
01/18,Fenwick Animal Clinic Louisville KY Card,-21.05
01/18,Interest Payment,0.06
11/17,Buff City Soap - 4600 Louisville KY Card,-89.89
11/17,Kroger Fuel #878 4915 Louisville KY Card,-40.85
11/18,Big Lots 6650 Dixie H Louisville KY Card,-18.01
11/19,Payment To Chase Card Ending IN 8647,-500.00
11/20,The Home Depot #2302 Louisville KY Card,-40.84
11/20,Kroger #7 4915A Dixie Louisville KY Card,-35.98
11/21,Costco Whse #1238 Louisville KY Card 1981,-75.89
11/22,Pauls Fruit Mark 3704 Louisville KY Card,-46.20
11/22,Kroger #7 4915A Dixie Louisville KY Card,-55.60
11/22,Kroger Fuel #878 4915 Louisville KY Card,-42.39
11/23,Dollar Tr 4060 Taylors Louisville KY Card,-10.60
11/23,Sunshine Pediatrics Louisville KY Card 1981,-75.00
11/23,Sams Scan-N-Go Jeffersontown KY Card 7068,-73.42
11/23,Kroger #785 Louisville KY Card 1981,-15.75
11/26,Caresource KY 987-224-3300 OH Card,-979.93
11/26,Payment To Chase Card Ending IN 8647,-500.00
11/29,2943 Richland Ave Louisville KY Card 1981,-60.00
11/29,Burlington Stores 734 Louisville KY Card,-74.16
11/29,7403 3Rd Street Rd Louisville KY Card 7068,-300.00
11/29,Gap Online 800-4277895 OH Card 1981,-7.39
11/30,Pauls Fru 3704 Taylors Louisville KY Card,-82.59
12/01,Kroger Fuel #834 3039 Louisville KY Card,-43.08
12/02,Costco Whse #1238 Louisville KY Card 1981,-147.62
12/03,The Home Depot #2302 Louisville KY Card,-112.10
12/05,Target T- 4174 Westpor Louisville KY Card,-131.60
12/05,Cigna 877 484 5967 877-484-5967 FL Card,-81.30
12/05,Hometown Hauling 502-3614446 KY Card 1981,-93.50
12/06,3600 Bardstown Rd Louisville KY Card 1981,-200.00
12/06,Costco Whse #1238 Louisville KY Card 1981,-68.88
12/06,Costco Gas #1238 Louisville KY Card 1981,-30.99
12/07,Pauls Fru 3704 Taylors Louisville KY Card,-33.29
12/09,Kroger #3 3039 Brecken Louisville KY Card,-64.63
12/06,Samsclub #8111 Louisville KY Card 7068,11.64
12/11,4111 Shelbyville Rd Louisville KY Card 7068,-200.00
12/12,Petsmart # 1117 Louisville KY Card 1981,-41.24
12/13,Zelle Payment From Giulio F Cantor 16024485168,500.00
12/13,Payment To Chase Card Ending IN 8647,-500.00
12/14,Target T- 3600 Mall Rd Louisville KY Card,-17.39
12/14,Norton Healthcare Myc 502-629-8276 KY Card,-13.40
12/15,Kroger Fuel #834 3039 Louisville KY Card,-31.02
12/15,Interest Payment,0.05
08/20,Payment Thank You-Mobile,-263.16
08/29,Payment Thank You-Mobile,-278.42
09/15,Payment Thank You-Mobile,-483.20
08/18,T-MOBILE STORE # 372D LOUISVILLE KY,35.00
08/19,THOMAS CAR WASH - BARDST LOUISVILLE KY,15.00
08/19,JEFFERSON COUNTY CLERKS LOUISVILLE KY,11.00
08/22,SPEEDWAY 09686 LOUISVILLE LOUISVILLE KY,48.97
08/24,Mirage Louisville KY,61.66
08/26,VIETNAM KITCHEN LOUISVILLE KY,33.21
09/03,IL TOLLWAY-WEB 800-824-7277 IL,50.00
09/06,WAVES RESTAURANT BUFFALO NY,38.50
09/13,THORNTONS #0060 LOUISVILLE KY,42.70
09/13,PMR TECH SYSTEMS LLC 608-4210957 WI,24.99
09/14,TVC PRO-DRIVER 800-288-2889 OK,59.95
12/13,Payment To Chase Card Ending IN 0793,500.00
12/23,u2014 Zelle Payment To Giulio 16107102112,100.00
03/11/2024,then will go to,27.24
10/18,Sams Scan-N-Go Jeffersontown KY Card 6815,-136.60
10/20,Petsmart # 1117 Louisville KY Card 6815,-56.38
10/22,Costco Whse #1238 Louisville KY Card 6815,-86.82
10/22,Pauls Fruit Mark 3704 Louisville KY Card,-89.06
10/22,Pauls Fru 3704 Taylors Louisville KY Card,-1.40
10/23,Kroger #7 4915A Dixie Louisville KY Card,-118.59
10/23,Dollar Tr 6801 Dixie H Louisville KY Card,-6.63
10/24,3901 S 7th St Louisville KY Card 7068,-160.00
10/24,Norton Healthcare Myc 502-629-8276 KY Card,-11.00
10/25,Kroger #7 4915A Dixie Louisville KY Card,-108.56
10/25,Kroger #7 4915A Dixie Louisville KY Card,-21.18
10/25,The Spice And Tea Exch 812-9130111 IN Card,-14.08
10/27,Wholefds Lou 101 4944 Louisville KY Card,-97.05
10/28,Bravo-Louisville Louisville KY Card 7068,-124.32
10/80,Kroger Fuel #878 4915 Louisville KY Card,-32.47
11/01,Target T- 7311 Jeffers Louisville KY Card,-122.35
11/02,Visible 866-331-3527 CO Card 7068,-25.00
11/02,Visible 866-331-3527 CO Card 7068,-35.00
11/02,Netflix 1 8445052993 CA Card 6815,-16.33
11/02,Sp Hiya Health Hitpshiyaheal FL Card 6815,-31.80
11/02,Costco Whse #1238 Louisville KY Card 6815,-213.99
11/03,Usps PO 20480900 3131 Louisville KY Card,-19.89
11/03,Pauls Fruit Mark 3704 Louisville KY Card,-72.25
11/03,Wholefds Lou 101 4944 Louisville KY Card,-18.56
11/07,Costco Gas #1238 Louisville KY Card 6815,-30.68
11/07,Kroger #7 4915A Dixie Louisville KY Card,-131.35
11/07,Sams Scan-N-Go Jeffersontown KY Card 6815,-59.17
11/09,Tmobile Auto Pay Bellevue WA Card 7068,-214.54
11/10,Usps PO 20480900 3131 Louisville KY Card,-9.65
11/11,Costco Whse #1238 Louisville KY Card 6815,-10.58
11/11,Costco Whse #1238 Louisville KY Card 6815,-200.60
11/11,Pauls Fruit Mark 3704 Louisville KY Card,-92.91
11/12,Wholefds Lou 101 4944 Louisville KY Card,-111.44
11/12,Wholefds Lou 101 4944 Louisville KY Card,-20.12
11/12,Kroger Fuel #878 4915 Louisville KY Card,-30.98
11/13,Wholefds Lou 101 4944 Louisville KY Card,-49.81
11/13,Sunshine Pediatrics Louisville KY Card 6815,-246.00
41/15,Withdrawal,-100.00
14/15,Monthly Service Fee,-12.00
11/15,Interest Payment,0.01
10/10,Zelle Payment To Juan Constructor 18681740607,300.00
03/11/2024,then will go to,27.24
11/08,COSTCO WHSE #1238 LOUISVILLE KY,1.59
11/08,CHICK-FIL-A #04264 812-288-2020 IN,19.29
10/23,-0- -0-  Purchases,27.49
10/23,-0- -0-  Cash Advances,28.74
10/23,-0- -0-  Balance Transfers,27.49
05/26,Payment Thank You-Mobile,-106.74
05/30,Payment Thank You-Mobile,-92.19
06/02,Payment Thank You-Mobile,-316.34
06/08,Payment Thank You-Mobile,-678.55
06/13,Payment Thank You-Mobile,-758.16
06/15,Payment Thank You-Mobile,-46.51
05/22,THORNTONS #0098 LOUISVILLE KY,46.79
05/27,WHOLEFDS LOU 10186 LOUISVILLE KY,36.21
05/30,ZIPS 225 KYLOU - CANERUN LOUISVILLE KY,10.00
05/30,KROGER 292 LOUISVILLE KY,55.38
05/30,WALGREENS #11664 LOUISVILLE KY,21.00
05/31,Subway 53308 Bellville OH,8.84
06/02,BOB EVANS REST #0379 LOUISVILLE KY,29.04
06/03,PRIDE TRUCK WASH SHEPHERDSVILL KY,70.00
06/03,PRIDE TRUCK WASH SHEPHERDSVILL KY,42.00
06/02,MEIJER # 164 877-363-4537 KY,77.35
06/04,COSTCO WHSE #1238 LOUISVILLE KY,62.09
06/04,COSTCO WHSE #1238 LOUISVILLE KY,278.82
06/06,BOB EVANS REST #0379 LOUISVILLE KY,30.82
06/09,Columbia 598 Simpsonville KY,177.00
06/09,SQ  u201cBOOK WAREHOUSE OF LOU Simpsonville KY,10.60
06/09,Crocs Simpsonville KY,71.49
06/10,COSTCO WHSE #1238 LOUISVILLE KY,240.66
06/11,KROGER #785 LOUISVILLE KY,57.98
06/09,JADE GARDEN SIMPSONVILLE SIMPSONVILLE KY,27.31
06/11,AUTOZONE #3585 LOUISVILLE KY,34.95
06/14,TVC PRO-DRIVER 800-288-2889 OK,59.95
06/15,BOB EVANS REST #0379 LOUISVILLE KY,29.95
03/11/2024,then will go to,26.99
12/11,AUTOMATIC PAYMENT - THANK YOU,-100.00
12/17,PURCHASE INTEREST CHARGE,53.27
07/27/2023,then will go to,25.99
07/23,3901 S 7th St Louisville KY Card 7068,-200.00
07/28,Wholefds Lou 101 4944 Louisville KY Card,-169.55
07/29,Kroger 866-576-4377 KY Card 6815,-188.75
08/06,The Home Depot #2302 Louisville KY Card,-236.32
08/08,Kroger #785 4915A Dixi Louisville KY Card,-3.99
08/08,3901 S 7th St Louisville KY Card 7068,-100.00
08/08,Check #358,-36.00
08/10,Zelle Payment To Carmen Traduceri Jom99A0loxg7,-1.00
08/10,Zelle Payment To Carmen Traduceri Jpm99A0lplpp,-190.00
08/11,The Home Depot #2302 Louisville KY Card,-68.22
08/15,Monthly Service Fee,-12.00
08/15,Interest Payment,0.01
03/11/2024,then will go to,26.74
04/18,Wholefds Lou 101 4944 Louisville KY Card,-98.38
04/18,Kroger Fuel #878 4915 Louisville KY Card,-43.48
04/18,Kroger #7 4915A Dixie Louisville KY Card,-16.95
04/20,Kroger #3 3039 Brecken Louisville KY Card,-31.47
04/21,Fenwick Animal Clinic Louisville KY Card,-88.80
04/24,Pauls Fruit Mark 3704 Louisville KY Card,-50.77
04/24,Aldi 44036 Louisville Louisville KY Card 6815,-19.63
04/24,Art Jacob Prescription Louisville KY Card 6815,-38.69
04/25,Pauls Fru 3704 Taylors Louisville KY Card,-6.43
04/27,Wholefds Lou 101 4944 Louisville KY Card,-63.14
04/27,Costco Whse #1238 Louisville KY Card 6815,-133.97
04/27,Costco Gas #1238 Louisville KY Card 6815,-34.52
04/30,Sams Scan-N-Go Jeffersontown KY Card 7068,-157.30
04/30,Pauls Fruit Mark 12119 Louisville KY Card,-80.14
05/02,Kroger 502-634-0724 KY Card 6815,-98.47
05/02,Costco Whse #1238 Louisville KY Card 6815,-36.78
05/03,Costco Gas #1238 Louisville KY Card 6815,-34.88
04/30,Samsclub #8111 Louisville KY Card 7068,15.88
05/04,Costco Whse #1238 Louisville KY Card 6815,-26.36
05/04,Costco Whse #1238 Louisville KY Card 7068,44.51
05/05,Sams Scan-N-Go Jeffersontown KY Card 7068,-38.93
05/06,Kroger #3 3039 Brecken Louisville KY Card,-110.62
05/08,Costco Gas #1238 Louisville KY Card 6815,-34.70
05/08,Pauls Fruit Mark 3704 Louisville KY Card,-91.34
05/08,Kroger #3 3039 Brecken Louisville KY Card,-66.95
05/10,Petsmart # 1117 Louisville KY Card 6815,-122.33
05/10,Toyota Oxmoor Toyota Louisville KY Card 6815,-186.92
05/10,Bryan G Harness Cosmeti Louisville KY Card,-66.74
05/11,Costco Whse #1238 Louisville KY Card 6815,-29.77
05/11,Costco Gas #1238 Louisville KY Card 6815,-33.68
05/11,Petsmart # 1117 Louisville KY Card 6815,10.59
05/12,Pauls Fru 3704 Taylors Louisville KY Card,-24.32
05/15,Interest Payment,0.05
03/11/2024,then will go to,27.24
10/05,Payment To Chase Card Ending IN 0793,689.99
10/13,Zelle Payment To Juan Constructor 15527593568,300.00
10/18,Payment To Chase Card Ending IN 0793,239.19
10/20,Zelle Payment To Juan Constructor 15587340322,380.00
10/23,Payment To Chase Card Ending IN 0793,248.29
10/31,Zelle Payment To Vitalie 15673520360,82.00
03/11/2024,then will go to,27.24
03/17,Pauls Fru 3704 Taylors Louisville KY Card,-35.03
03/21,Pauls Fruit Mark 3704 Louisville KY Card,-60.37
03/21,Costco Whse #1238 Louisville KY Card 1981,-158.36
03/21,Costco Gas #1238 Louisville KY Card 1981,-30.72
03/21,Check #301,-20.00
04/03,Wm Supere Wal-Mart Sup Louisville KY,-35.93
04/11,Zelle Payment To Magdiel Jpm999V78F46,-200.00
04/11,Target T- 3600 Mall Rd Louisville KY Card,-75.83
04/11,Costco Whse #1238 Louisville KY Card 6815,-3.18
04/11,Costco Whse #1238 Louisville KY Card 6815,-216.47
04/12,Zelle Payment From Ricardo Fernandez PncaaOEsq05A,200.00
04/12,Pauls Fruit Mark 3704 Louisville KY Card,-72.86
04/12,4111 Shelbyville Rd Louisville KY Card 7068,-100.00
04/12,Costco Gas #1238 Louisville KY Card 6815,-29.53
04/12,Daytona Apparel Holdin 212-2680762 NY Card,-72.00
04/12,Sams Scan-N-Go Jeffersontown KY Card 7068,-147.25
04/13,Dicks Sporting Goods # Louisville KY Card,-63.53
04/13,Hometown Hauling 502-3614446 KY Card 6815,-135.00
04/14,Target T- 3600 Mall Rd Louisville KY Card,-126.14
04/12,Samsclub #8111 Louisville KY Card 7068,27.52
04/17,Costco Whse #1238 Louisville KY Card 6815,-48.94
04/17,Kroger #3 3039 Brecken Louisville KY Card,-167.08
04/17,Pauls Fruit Mark 3704 Louisville KY Card,-46.93
04/17,Monthly Service Fee,-12.00
04/17,Interest Payment,0.02
11/17,Kroger #7 4915A Dixie Louisville KY Card,-164.70
11/18,Usps PO 20480900 3131 Louisville KY Card,-9.65
11/18,Wal-Mart Super Center Louisville KY Card,-134.43
11/19,Sams Scan-N-Go Jeffersontown KY Card 6815,-121.91
11/19,Pauls Fruit Mark 3704 Louisville KY Card,-84.15
11/19,Costco Whse #1238 Louisville KY Card 6815,-29.67
11/19,Costco Whse #1238 Louisville KY Card 7068,-29.96
11/20,Buff City Soap - 4600 Louisville KY Card,-44.52
11/20,Kroger Fuel #878 4915 Louisville KY Card,-37.96
11/22,7335 Dixie Hwy Louisville KY Card 6815,-160.00
11/22,Pilot #0004 Avon OH Card 7068,-13.50
11/23,Kroger #7 4915A Dixie Louisville KY Card,-17.81
11/25,Usps PO 20480900 3131 Louisville KY Card,-9.65
11/25,Dollartre 4856 Cane Ru Louisville KY Card,-62.28
11/26,Costco Whse #1238 Louisville KY Card 6815,-205.73
11/26,Pauls Fruit Mark 3704 Louisville KY Card,-72.80
11/29,Subway 430 Cridersville OH Card 7068,-22.98
11/29,Kroger #7 4915A Dixie Louisville KY Card,-177.75
11/30,Visible 866-331-3527 CO Card 7068,-25.00
11/30,Visible 866-331-3527 CO Card 7068,-35.00
11/80,Costco Gas #1238 Louisville KY Card 6815,-30.07
11/80,Petsmart # 1117 Louisville KY Card 6815,-101.24
12/01,Usps PO 20480900 3131 Louisville KY Card,-9.65
12/01,Kyte Driver Lic Frankfort KY Card 7068,-97.44
12/02,Sp Hiya Health Httpshiyaheal FL Card 6815,-63.60
12/02,Netflix 1 8445052993 CA Card 6815,-16.33
12/04,Pauls Fruit Mark 3704 Louisville KY Card,-123.93
12/04,Hometown Hauling 502-3614446 KY Card 6815,-105.00
12/05,39115 Colorado Rd Avon OH Card 7068,-104.95
12/05,Non-Chase ATM Fee-With,-3.00
12/06,Pilot #0004 Avon OH Card 7068,-0.77
12/05,Fiesta Habanero Avon OH Card 7068,-27.42
12/07,Wendys 552 Lebanon OH Card 7068,-8.29
12/08,Pilot #0004 Avon OH Card 7068,-5.49
12/08,Target T- 3600 Mall Rd Louisville KY Card,-35.25
12/07,Fiesta Habanero Avon OH Card 7068,-23.75
12/08,American Mix Lousiville KY Card 7068,-11.73
12/09,Usps PO 20480900 3131 Louisville KY Card,-9.65
12/09,Tmobile Auto Pay Bellevue WA Card 7068,-16.54
12/10,Bravo-Louisville Louisville KY Card 7068,-76.00
12/11,Kroger #7 4915A Dixie Louisville KY Card,-56.04
12/11,Sp Elite Obsolete Eliteobsolete KS Card 6815,-84.99
12/12,Wm Supere Wal-Mart Sup Louisville KY,-96.02
12/12,Bp#8640039Fives Louisville KY Card 7068,-30.82
12/15,DR Steven Carter Louisville KY Card 7068,-60.00
12/15,Bp#6468524Shop Louisville KY Card 7068,-49.05
12/15,2943 Richland Ave Louisville KY Card 6815,-100.00
12/15,Kroger #3 3039 Brecken Louisville KY Card,-232.62
12/15,Pauls Fruit Mark 3704 Louisville KY Card,-81.74
12/15,Pauls Fru 3704 Taylors Louisville KY Card,-4.99
12/15,Monthly Service Fee,-12.00
12/15,Interest Payment,0.01
03/15,Toyota Oxmoor Toyota Louisville KY Card 1981,-123.51
03/16,Target T- 3600 Mall Rd Louisville KY Card,-12.72
03/16,Kroger #785 4915A Dixi Louisville KY Card,-9.85
03/16,Kroger #7 4915A Dixie Louisville KY Card,-105.59
03/18,Autosave Savings 11243759844,-200.00
03/18,Kroger Fuel #878 4915 Louisville KY Card,-45.16
03/19,Disney Plus Burbank CA Card 1981,-8.23
03/20,Wm Superc Wal-Mart Sup Paris KY Card,-1.98
03/20,Cracker Barrel #415 S 502-633-9945 KY Card,-41.75
03/21,Kroger #7 4915A Dixie Louisville KY Card,-75.88
03/22,Zelle Payment From Joel T Warner Usbgqbh9Wxnft,11.00
03/22,2948 Richland Ave Louisville KY Card 1981,-160.00
03/24,Target T- 3600 Mall Rd Louisville KY Card,-68.88
03/24,Feeders Supply Louisville KY Card 1981,-45.56
03/25,Kroger Fuel #878 4915 Louisville KY Card,-48.08
03/26,Preschool Smiles 187-738-1827 MN Card 1981,-74.19
03/29,Autosave Savings 11247606957,-180.00
03/31,Kroger Fuel #834 3039 Louisville KY Card,-46.10
04/01,Pauls Fru 3704 Taylors Louisville KY Card,-45.71
04/05,Target T- 4174 Westpor Louisville KY Card,-58.30
04/05,Pauls Fru 3704 Taylors Louisville KY Card,-31.01
04/05,Costco Whse #1238 Louisville KY Card 1981,-60.00
04/05,Costco Whse #1238 Louisville KY Card 1981,-3.18
04/05,Costco Whse #1238 Louisville KY Card 1981,-193.39
04/06,Kroger Fuel #878 4915 Louisville KY Card,-46.36
04/06,Premier Surgery Center 502-5899488 KY Card,-184.21
04/07,Wal-Mart #3610 Louisville KY Card 1981,-160.89
04/08,Kroger #7 4915A Dixie Louisville KY Card,-114.06
04/08,Wal-Mart #3610 Louisville KY Card 1981,-81.13
04/11,Autosave Savings 11252206727,-200.00
04/11,Zelle Payment To Teaira 14089711070,-112.50
04/11,Michaels Stores 5003 Louisville KY Card,-71.47
04/12,Petco 2540 Louisville KY Card 1981,-108.50
04/13,Pauls Fru 3704 Taylors Louisville KY Card,-41.96
04/13,Wm Superc Wal-Mart Sup Louisville KY,-13.57
04/14,Off Broadway Shoes 304 Louisville KY Card,31.80
03/18,Autosave Savings 11243759844,200.00
03/29,Autosave Savings 11247606957,180.00
04/11,Autosave Savings 11252206727,200.00
04/15,Interest Payment,0.20
03/11/2024,then will go to,27.24
11/07,_ Zelle Payment To Dragos Boldea 15720229876,30.00
11/14,Payment To Chase Card Ending IN 0793,500.00
11/20,Payment To Chase Card Ending IN 0793,747.75
01/19,Kroger Fuel #834 3039 Louisville KY Card,-31.99
01/19,Kroger #3 3039 Brecken Louisville KY Card,-33.10
01/20,3901 S 7th St Louisville KY Card 7068,-100.00
01/23,Target T- 3600 Mall Rd Louisville KY Card,-152.67
01/23,Bryan G Harness Cosmet Louisville KY Card,-185.00
01/23,Pauls Fruit Mark 3704 Louisville KY Card,-44.18
01/23,Sunshine Pediatrics Louisville KY Card 1981,-35.00
01/23,Kroger #785 Louisville KY Card 1981,-68.69
01/24,Target T- 3600 Mall Rd Louisville KY Card,-138.21
01/25,Fenwick Animal Clinic Louisville KY Card,-63.25
01/25,Costco Whse #1238 Louisville KY Card 1981,-36.09
01/25,Costco Gas #1238 Louisville KY Card 1981,-33.89
01/27,Kroger #346 3039 Breck Louisville KY Card,-36.15
01/80,Costco Gas #1238 Louisville KY Card 1981,-30.67
01/31,Mirage Louisville KY Card 1981,-37.53
02/01,Target T- 3600 Mall Rd Louisville KY Card,-109.30
02/01,Target T- 3600 Mall Rd Louisville KY Card,-50.67
02/01,Toyota Oxmoor Toyota Louisville KY Card 1981,-162.95
02/02,First Watch - 523 - S 502-618-1955 KY Card,-31.75
02/03,Kroger Fuel #878 4915 Louisville KY Card,-39.39
02/03,First Watch - 570 - 502-444-7744 KY Card,-26.88
02/06,Cigna 877 484 5967 877-484-5967 FL Card,-81.30
02/07,Kroger Fuel #878 4915 Louisville KY Card,-35.82
02/07,3901 S 7th St Louisville KY Card 7068,-200.00
02/07,Kroger #7 4915A Dixie Louisville KY Card,-117.91
02/08,Petsmart # 1117 Louisville KY Card 1981,-228.17
02/08,Pauls Fruit Mark 3704 Louisville KY Card,-70.25
02/08,Best Buy #333 Louisvile KY Card 1981,-76.19
02/08,Igms 877-7352559 CO Card 1981,-68.17
02/09,Costco Whse #1238 Louisville KY Card 1981,-373.18
02/10,Target T- 3600 Mall Rd Louisville KY Card,-80.96
02/11,Wal-Mart #2691 New Albany IN Card 1981,-165.93
02/12,Thorntons #0161 #0161 Louisville KY Card,-35.98
02/13,Wal-Mart Super Center Louisville KY Card,-58.48
02/14,Buff City Soap - 4600 Louisville KY Card,-79.36
02/14,Kroger #7 4915A Dixie Louisville KY Card,-54.36
02/15,Interest Payment,0.05
07/31,Remote Online Deposit 1,430.96
07/05,Zelle Payment To Alin Eremia Jom999Yvimkb,39.00
11/20,Payment Thank You-Mobile,-747.75
12/13,Payment Thank You-Mobile,-500.00
11/17,TA #175 FORISTEL FORISTELL MO,4.71
11/17,POPEYES 10605 FORISTELL MO,11.05
11/18,Subway 20364 Strafford MO,11.81
11/18,CONOCO - TA STRATFORD STRAFFORD MO,1.97
11/18,ALLIS FAMILY RESTAURANT SPRINGFIELD MO,16.30
11/19,WAIF RACKLEY LAND INVESTM NASHVILLE IL,1.69
11/19,LITTLE NASHVILLE RESTAURA NASHVILLE IL,26.00
11/21,KROGER 752 LOUISVILLE KY,4.60
11/22,VIETNAM KITCHEN LOUISVILLE KY,44.00
11/22,WALGREENS #4216 LOUISVILLE KY,4.36
12/14,TVC PRO-DRIVER 800-288-2889 OK,59.95
06/17,Sunshine Pediatrics Louisville KY Card 1981,-75.00
06/19,Disneyplus 888-9057888 CA Card 1981,-8.23
06/21,Old Navy US 6226 Louisville KY Card 1981,-58.79
06/21,Apple Store #R264 790 Louisville KY Card,-30.74
06/21,Pauls Fruit Mark 3704 Louisville KY Card,-63.35
06/21,Sind Cellular Louisville KY Card 1981,-58.30
06/24,Petsmart # 1117 Louisville KY Card 7068,-97.44
06/24,Target T- 4640 Taylors Louisville KY Card,-12.47
06/24,Meijer 160 Louisville KY Card 7068,-149.18
06/26,Caresource KY 937-224-3300 OH Card,-780.13
06/26,Kroger #785 4915A Dixi Louisville KY Card,-14.07
06/29,7403 3Rd Street Rd Louisville KY Card 7068,-200.00
07/02,Kroger 502-634-0724 KY Card 1981,-116.61
07/02,Norton Healthcare Myc 502-629-8276 KY Card,-165.00
07/02,Wholefds Lou 101 4944 Louisville KY Card,-193.34
07/03,Wal-Mart Super Center Louisville KY Card,-146.01
07/05,Freeprints 8772488906 CA Card 1981,-25.43
07/05,Feeders Supply Louisville KY Card 7068,-72.07
07/05,Kroger #7 4915A Dixie Louisville KY Card,-24.35
07/05,Walgreens Store 3980 D Louisville KY Card,-4.99
07/04,Thorntons #0011 Jeffersonvill IN Card 7068,-6.56
07/05,Cigna 877 484 5967 877-484-5967 FL Card,-81.30
07/06,Sp Buff City Soap CO Httpsbuffcity TX Card,-53.52
07/08,Imos Pizza-Lemay 314-761-5321 MO Card,-79.59
07/08,St Louis Aquarium Saint Louis MO Card 1981,-25.00
07/09,Target T- 2341 N Highw Florissant MO Card,-117.58
07/11,Pauls Fruit Mark 3704 Louisville KY Card,-60.74
07/15,Target T- 4640 Taylors Louisville KY Card,-81.63
07/18,Costco Whse #1238 Louisville KY Card 7068,-186.18
